"filename", "language", "TypeScript", "JSON", "JSON with Comments", "C++", "Ruby", "Swift", "Go", "XML", "CoffeeScript", "JavaScript", "C", "Groovy", "Visual Basic", "Python", "YAML", "PHP", "Perl", "Makefile", "XSL", "Shell Script", "Markdown", "Ignore", "HTML", "comment", "blank", "total"
"/Users/alexgo/code/vs-boost/.boost/output/html/esbuild.js.html", "HTML", 0, 0, 0, 0, 0, 0, 0, 0, 0, 0, 0, 0, 0, 0, 0, 0, 0, 0, 0, 0, 0, 0, 866, 0, 26, 892
"/Users/alexgo/code/vs-boost/.boost/output/html/package-lock.json.html", "HTML", 0, 0, 0, 0, 0, 0, 0, 0, 0, 0, 0, 0, 0, 0, 0, 0, 0, 0, 0, 0, 0, 0, 8285, 0, 69, 8354
"/Users/alexgo/code/vs-boost/.boost/output/html/package.json.html", "HTML", 0, 0, 0, 0, 0, 0, 0, 0, 0, 0, 0, 0, 0, 0, 0, 0, 0, 0, 0, 0, 0, 0, 673, 0, 16, 689
"/Users/alexgo/code/vs-boost/.boost/output/html/scripts/set-org.sh.html", "HTML", 0, 0, 0, 0, 0, 0, 0, 0, 0, 0, 0, 0, 0, 0, 0, 0, 0, 0, 0, 0, 0, 0, 282, 0, 21, 303
"/Users/alexgo/code/vs-boost/.boost/output/html/scripts/sync-github.js.html", "HTML", 0, 0, 0, 0, 0, 0, 0, 0, 0, 0, 0, 0, 0, 0, 0, 0, 0, 0, 0, 0, 0, 0, 544, 0, 23, 567
"/Users/alexgo/code/vs-boost/.boost/output/html/src/controllers/analyze_controller.ts.html", "HTML", 0, 0, 0, 0, 0, 0, 0, 0, 0, 0, 0, 0, 0, 0, 0, 0, 0, 0, 0, 0, 0, 0, 600, 0, 23, 623
"/Users/alexgo/code/vs-boost/.boost/output/html/src/controllers/analyze_function_controller.ts.html", "HTML", 0, 0, 0, 0, 0, 0, 0, 0, 0, 0, 0, 0, 0, 0, 0, 0, 0, 0, 0, 0, 0, 0, 594, 0, 23, 617
"/Users/alexgo/code/vs-boost/.boost/output/html/src/controllers/base_controller.ts.html", "HTML", 0, 0, 0, 0, 0, 0, 0, 0, 0, 0, 0, 0, 0, 0, 0, 0, 0, 0, 0, 0, 0, 0, 3462, 0, 113, 3575
"/Users/alexgo/code/vs-boost/.boost/output/html/src/controllers/blueprint_controller.ts.html", "HTML", 0, 0, 0, 0, 0, 0, 0, 0, 0, 0, 0, 0, 0, 0, 0, 0, 0, 0, 0, 0, 0, 0, 569, 0, 26, 595
"/Users/alexgo/code/vs-boost/.boost/output/html/src/controllers/boostServiceHelper.ts.html", "HTML", 0, 0, 0, 0, 0, 0, 0, 0, 0, 0, 0, 0, 0, 0, 0, 0, 0, 0, 0, 0, 0, 0, 1262, 0, 46, 1308
"/Users/alexgo/code/vs-boost/.boost/output/html/src/controllers/chat_controller.ts.html", "HTML", 0, 0, 0, 0, 0, 0, 0, 0, 0, 0, 0, 0, 0, 0, 0, 0, 0, 0, 0, 0, 0, 0, 635, 0, 24, 659
"/Users/alexgo/code/vs-boost/.boost/output/html/src/controllers/codeguidelines_controller.ts.html", "HTML", 0, 0, 0, 0, 0, 0, 0, 0, 0, 0, 0, 0, 0, 0, 0, 0, 0, 0, 0, 0, 0, 0, 607, 0, 24, 631
"/Users/alexgo/code/vs-boost/.boost/output/html/src/controllers/compliance_controller.ts.html", "HTML", 0, 0, 0, 0, 0, 0, 0, 0, 0, 0, 0, 0, 0, 0, 0, 0, 0, 0, 0, 0, 0, 0, 628, 0, 24, 652
"/Users/alexgo/code/vs-boost/.boost/output/html/src/controllers/compliance_function_controller.ts.html", "HTML", 0, 0, 0, 0, 0, 0, 0, 0, 0, 0, 0, 0, 0, 0, 0, 0, 0, 0, 0, 0, 0, 0, 524, 0, 22, 546
"/Users/alexgo/code/vs-boost/.boost/output/html/src/controllers/controllerOutputTypes.ts.html", "HTML", 0, 0, 0, 0, 0, 0, 0, 0, 0, 0, 0, 0, 0, 0, 0, 0, 0, 0, 0, 0, 0, 0, 283, 0, 17, 300
"/Users/alexgo/code/vs-boost/.boost/output/html/src/controllers/convert_controller.ts.html", "HTML", 0, 0, 0, 0, 0, 0, 0, 0, 0, 0, 0, 0, 0, 0, 0, 0, 0, 0, 0, 0, 0, 0, 1061, 0, 46, 1107
"/Users/alexgo/code/vs-boost/.boost/output/html/src/controllers/custom_controller.ts.html", "HTML", 0, 0, 0, 0, 0, 0, 0, 0, 0, 0, 0, 0, 0, 0, 0, 0, 0, 0, 0, 0, 0, 0, 746, 0, 36, 782
"/Users/alexgo/code/vs-boost/.boost/output/html/src/controllers/customerPortal.ts.html", "HTML", 0, 0, 0, 0, 0, 0, 0, 0, 0, 0, 0, 0, 0, 0, 0, 0, 0, 0, 0, 0, 0, 0, 896, 0, 45, 941
"/Users/alexgo/code/vs-boost/.boost/output/html/src/controllers/customquickscan_function_controller.ts.html", "HTML", 0, 0, 0, 0, 0, 0, 0, 0, 0, 0, 0, 0, 0, 0, 0, 0, 0, 0, 0, 0, 0, 0, 715, 0, 33, 748
"/Users/alexgo/code/vs-boost/.boost/output/html/src/controllers/explain_controller.ts.html", "HTML", 0, 0, 0, 0, 0, 0, 0, 0, 0, 0, 0, 0, 0, 0, 0, 0, 0, 0, 0, 0, 0, 0, 574, 0, 21, 595
"/Users/alexgo/code/vs-boost/.boost/output/html/src/controllers/flowdiagram_controller.ts.html", "HTML", 0, 0, 0, 0, 0, 0, 0, 0, 0, 0, 0, 0, 0, 0, 0, 0, 0, 0, 0, 0, 0, 0, 506, 0, 21, 527
"/Users/alexgo/code/vs-boost/.boost/output/html/src/controllers/function_base_controller.ts.html", "HTML", 0, 0, 0, 0, 0, 0, 0, 0, 0, 0, 0, 0, 0, 0, 0, 0, 0, 0, 0, 0, 0, 0, 672, 0, 50, 722
"/Users/alexgo/code/vs-boost/.boost/output/html/src/controllers/performance_controller.ts.html", "HTML", 0, 0, 0, 0, 0, 0, 0, 0, 0, 0, 0, 0, 0, 0, 0, 0, 0, 0, 0, 0, 0, 0, 628, 0, 24, 652
"/Users/alexgo/code/vs-boost/.boost/output/html/src/controllers/performance_function_controller.ts.html", "HTML", 0, 0, 0, 0, 0, 0, 0, 0, 0, 0, 0, 0, 0, 0, 0, 0, 0, 0, 0, 0, 0, 0, 517, 0, 22, 539
"/Users/alexgo/code/vs-boost/.boost/output/html/src/controllers/quick_blueprint_controller.ts.html", "HTML", 0, 0, 0, 0, 0, 0, 0, 0, 0, 0, 0, 0, 0, 0, 0, 0, 0, 0, 0, 0, 0, 0, 1081, 0, 55, 1136
"/Users/alexgo/code/vs-boost/.boost/output/html/src/controllers/quick_compliance_summary_controller.ts.html", "HTML", 0, 0, 0, 0, 0, 0, 0, 0, 0, 0, 0, 0, 0, 0, 0, 0, 0, 0, 0, 0, 0, 0, 452, 0, 20, 472
"/Users/alexgo/code/vs-boost/.boost/output/html/src/controllers/quick_performance_summary_controller.ts.html", "HTML", 0, 0, 0, 0, 0, 0, 0, 0, 0, 0, 0, 0, 0, 0, 0, 0, 0, 0, 0, 0, 0, 0, 444, 0, 20, 464
"/Users/alexgo/code/vs-boost/.boost/output/html/src/controllers/quick_security_summary_controller.ts.html", "HTML", 0, 0, 0, 0, 0, 0, 0, 0, 0, 0, 0, 0, 0, 0, 0, 0, 0, 0, 0, 0, 0, 0, 385, 0, 20, 405
"/Users/alexgo/code/vs-boost/.boost/output/html/src/controllers/quick_summary_controller.ts.html", "HTML", 0, 0, 0, 0, 0, 0, 0, 0, 0, 0, 0, 0, 0, 0, 0, 0, 0, 0, 0, 0, 0, 0, 1654, 0, 104, 1758
"/Users/alexgo/code/vs-boost/.boost/output/html/src/controllers/summary_controller.ts.html", "HTML", 0, 0, 0, 0, 0, 0, 0, 0, 0, 0, 0, 0, 0, 0, 0, 0, 0, 0, 0, 0, 0, 0, 1162, 0, 66, 1228
"/Users/alexgo/code/vs-boost/.boost/output/html/src/controllers/testgen_controller.ts.html", "HTML", 0, 0, 0, 0, 0, 0, 0, 0, 0, 0, 0, 0, 0, 0, 0, 0, 0, 0, 0, 0, 0, 0, 621, 0, 33, 654
"/Users/alexgo/code/vs-boost/.boost/output/html/src/controllers/user_organizations.ts.html", "HTML", 0, 0, 0, 0, 0, 0, 0, 0, 0, 0, 0, 0, 0, 0, 0, 0, 0, 0, 0, 0, 0, 0, 758, 0, 26, 784
"/Users/alexgo/code/vs-boost/.boost/output/html/src/dashboard/chat/main.ts.html", "HTML", 0, 0, 0, 0, 0, 0, 0, 0, 0, 0, 0, 0, 0, 0, 0, 0, 0, 0, 0, 0, 0, 0, 632, 0, 31, 663
"/Users/alexgo/code/vs-boost/.boost/output/html/src/dashboard/chat_view.ts.html", "HTML", 0, 0, 0, 0, 0, 0, 0, 0, 0, 0, 0, 0, 0, 0, 0, 0, 0, 0, 0, 0, 0, 0, 1329, 0, 65, 1394
"/Users/alexgo/code/vs-boost/.boost/output/html/src/dashboard/markdown/main.ts.html", "HTML", 0, 0, 0, 0, 0, 0, 0, 0, 0, 0, 0, 0, 0, 0, 0, 0, 0, 0, 0, 0, 0, 0, 291, 0, 19, 310
"/Users/alexgo/code/vs-boost/.boost/output/html/src/dashboard/markdown_view.ts.html", "HTML", 0, 0, 0, 0, 0, 0, 0, 0, 0, 0, 0, 0, 0, 0, 0, 0, 0, 0, 0, 0, 0, 0, 1017, 0, 42, 1059
"/Users/alexgo/code/vs-boost/.boost/output/html/src/dashboard/start_view.ts.html", "HTML", 0, 0, 0, 0, 0, 0, 0, 0, 0, 0, 0, 0, 0, 0, 0, 0, 0, 0, 0, 0, 0, 0, 740, 0, 43, 783
"/Users/alexgo/code/vs-boost/.boost/output/html/src/dashboard/summary_view.ts.html", "HTML", 0, 0, 0, 0, 0, 0, 0, 0, 0, 0, 0, 0, 0, 0, 0, 0, 0, 0, 0, 0, 0, 0, 2793, 0, 145, 2938
"/Users/alexgo/code/vs-boost/.boost/output/html/src/data/BoostProjectData.ts.html", "HTML", 0, 0, 0, 0, 0, 0, 0, 0, 0, 0, 0, 0, 0, 0, 0, 0, 0, 0, 0, 0, 0, 0, 1243, 0, 72, 1315
"/Users/alexgo/code/vs-boost/.boost/output/html/src/data/IAnalysisContextData.ts.html", "HTML", 0, 0, 0, 0, 0, 0, 0, 0, 0, 0, 0, 0, 0, 0, 0, 0, 0, 0, 0, 0, 0, 0, 238, 0, 16, 254
"/Users/alexgo/code/vs-boost/.boost/output/html/src/data/boostprojectdata_interface.ts.html", "HTML", 0, 0, 0, 0, 0, 0, 0, 0, 0, 0, 0, 0, 0, 0, 0, 0, 0, 0, 0, 0, 0, 0, 999, 0, 31, 1030
"/Users/alexgo/code/vs-boost/.boost/output/html/src/data/incompatibleVersionException.ts.html", "HTML", 0, 0, 0, 0, 0, 0, 0, 0, 0, 0, 0, 0, 0, 0, 0, 0, 0, 0, 0, 0, 0, 0, 194, 0, 15, 209
"/Users/alexgo/code/vs-boost/.boost/output/html/src/data/jupyter_notebook.ts.html", "HTML", 0, 0, 0, 0, 0, 0, 0, 0, 0, 0, 0, 0, 0, 0, 0, 0, 0, 0, 0, 0, 0, 0, 1089, 0, 49, 1138
"/Users/alexgo/code/vs-boost/.boost/output/html/src/data/userAnalysisType.ts.html", "HTML", 0, 0, 0, 0, 0, 0, 0, 0, 0, 0, 0, 0, 0, 0, 0, 0, 0, 0, 0, 0, 0, 0, 230, 0, 16, 246
"/Users/alexgo/code/vs-boost/.boost/output/html/src/extension/BoostExtension.ts.html", "HTML", 0, 0, 0, 0, 0, 0, 0, 0, 0, 0, 0, 0, 0, 0, 0, 0, 0, 0, 0, 0, 0, 0, 8036, 0, 457, 8493
"/Users/alexgo/code/vs-boost/.boost/output/html/src/extension/extension.ts.html", "HTML", 0, 0, 0, 0, 0, 0, 0, 0, 0, 0, 0, 0, 0, 0, 0, 0, 0, 0, 0, 0, 0, 0, 3014, 0, 118, 3132
"/Users/alexgo/code/vs-boost/.boost/output/html/src/extension/extensionUtilities.ts.html", "HTML", 0, 0, 0, 0, 0, 0, 0, 0, 0, 0, 0, 0, 0, 0, 0, 0, 0, 0, 0, 0, 0, 0, 368, 0, 19, 387
"/Users/alexgo/code/vs-boost/.boost/output/html/src/extension/extension_state.ts.html", "HTML", 0, 0, 0, 0, 0, 0, 0, 0, 0, 0, 0, 0, 0, 0, 0, 0, 0, 0, 0, 0, 0, 0, 221, 0, 18, 239
"/Users/alexgo/code/vs-boost/.boost/output/html/src/extension/portal.ts.html", "HTML", 0, 0, 0, 0, 0, 0, 0, 0, 0, 0, 0, 0, 0, 0, 0, 0, 0, 0, 0, 0, 0, 0, 1002, 0, 39, 1041
"/Users/alexgo/code/vs-boost/.boost/output/html/src/extension/vscodeUtilities.ts.html", "HTML", 0, 0, 0, 0, 0, 0, 0, 0, 0, 0, 0, 0, 0, 0, 0, 0, 0, 0, 0, 0, 0, 0, 2118, 0, 68, 2186
"/Users/alexgo/code/vs-boost/.boost/output/html/src/inline/codelens_provider.ts.html", "HTML", 0, 0, 0, 0, 0, 0, 0, 0, 0, 0, 0, 0, 0, 0, 0, 0, 0, 0, 0, 0, 0, 0, 277, 0, 22, 299
"/Users/alexgo/code/vs-boost/.boost/output/html/src/inline/decorator_provider.ts.html", "HTML", 0, 0, 0, 0, 0, 0, 0, 0, 0, 0, 0, 0, 0, 0, 0, 0, 0, 0, 0, 0, 0, 0, 568, 0, 37, 605
"/Users/alexgo/code/vs-boost/.boost/output/html/src/inline/inline.ts.html", "HTML", 0, 0, 0, 0, 0, 0, 0, 0, 0, 0, 0, 0, 0, 0, 0, 0, 0, 0, 0, 0, 0, 0, 329, 0, 21, 350
"/Users/alexgo/code/vs-boost/.boost/output/html/src/user/organization.ts.html", "HTML", 0, 0, 0, 0, 0, 0, 0, 0, 0, 0, 0, 0, 0, 0, 0, 0, 0, 0, 0, 0, 0, 0, 773, 0, 44, 817
"/Users/alexgo/code/vs-boost/.boost/output/html/src/utilities/authorization.ts.html", "HTML", 0, 0, 0, 0, 0, 0, 0, 0, 0, 0, 0, 0, 0, 0, 0, 0, 0, 0, 0, 0, 0, 0, 1233, 0, 41, 1274
"/Users/alexgo/code/vs-boost/.boost/output/html/src/utilities/boostLogging.ts.html", "HTML", 0, 0, 0, 0, 0, 0, 0, 0, 0, 0, 0, 0, 0, 0, 0, 0, 0, 0, 0, 0, 0, 0, 539, 0, 42, 581
"/Users/alexgo/code/vs-boost/.boost/output/html/src/utilities/boostOnly.ts.html", "HTML", 0, 0, 0, 0, 0, 0, 0, 0, 0, 0, 0, 0, 0, 0, 0, 0, 0, 0, 0, 0, 0, 0, 912, 0, 34, 946
"/Users/alexgo/code/vs-boost/.boost/output/html/src/utilities/convert_html.ts.html", "HTML", 0, 0, 0, 0, 0, 0, 0, 0, 0, 0, 0, 0, 0, 0, 0, 0, 0, 0, 0, 0, 0, 0, 1295, 0, 48, 1343
"/Users/alexgo/code/vs-boost/.boost/output/html/src/utilities/convert_markdown.ts.html", "HTML", 0, 0, 0, 0, 0, 0, 0, 0, 0, 0, 0, 0, 0, 0, 0, 0, 0, 0, 0, 0, 0, 0, 1150, 0, 46, 1196
"/Users/alexgo/code/vs-boost/.boost/output/html/src/utilities/convert_pdf.ts.html", "HTML", 0, 0, 0, 0, 0, 0, 0, 0, 0, 0, 0, 0, 0, 0, 0, 0, 0, 0, 0, 0, 0, 0, 760, 0, 32, 792
"/Users/alexgo/code/vs-boost/.boost/output/html/src/utilities/datetime.ts.html", "HTML", 0, 0, 0, 0, 0, 0, 0, 0, 0, 0, 0, 0, 0, 0, 0, 0, 0, 0, 0, 0, 0, 0, 238, 0, 16, 254
"/Users/alexgo/code/vs-boost/.boost/output/html/src/utilities/error.ts.html", "HTML", 0, 0, 0, 0, 0, 0, 0, 0, 0, 0, 0, 0, 0, 0, 0, 0, 0, 0, 0, 0, 0, 0, 388, 0, 17, 405
"/Users/alexgo/code/vs-boost/.boost/output/html/src/utilities/files.ts.html", "HTML", 0, 0, 0, 0, 0, 0, 0, 0, 0, 0, 0, 0, 0, 0, 0, 0, 0, 0, 0, 0, 0, 0, 1823, 0, 61, 1884
"/Users/alexgo/code/vs-boost/.boost/output/html/src/utilities/git.d.ts.html", "HTML", 0, 0, 0, 0, 0, 0, 0, 0, 0, 0, 0, 0, 0, 0, 0, 0, 0, 0, 0, 0, 0, 0, 2790, 0, 78, 2868
"/Users/alexgo/code/vs-boost/.boost/output/html/src/utilities/marked-highlights.d.ts.html", "HTML", 0, 0, 0, 0, 0, 0, 0, 0, 0, 0, 0, 0, 0, 0, 0, 0, 0, 0, 0, 0, 0, 0, 169, 0, 15, 184
"/Users/alexgo/code/vs-boost/.boost/output/html/src/utilities/serializer.ts.html", "HTML", 0, 0, 0, 0, 0, 0, 0, 0, 0, 0, 0, 0, 0, 0, 0, 0, 0, 0, 0, 0, 0, 0, 803, 0, 37, 840
"/Users/alexgo/code/vs-boost/.boost/output/html/src/utilities/workflow_engine.ts.html", "HTML", 0, 0, 0, 0, 0, 0, 0, 0, 0, 0, 0, 0, 0, 0, 0, 0, 0, 0, 0, 0, 0, 0, 1151, 0, 88, 1239
"/Users/alexgo/code/vs-boost/.boost/output/md/esbuild.js.md", "Markdown", 0, 0, 0, 0, 0, 0, 0, 0, 0, 0, 0, 0, 0, 0, 0, 0, 0, 0, 0, 0, 757, 0, 0, 0, 581, 1338
"/Users/alexgo/code/vs-boost/.boost/output/md/package-lock.json.md", "Markdown", 0, 0, 0, 0, 0, 0, 0, 0, 0, 0, 0, 0, 0, 0, 0, 0, 0, 0, 0, 0, 8235, 0, 0, 0, 220, 8455
"/Users/alexgo/code/vs-boost/.boost/output/md/package.json.md", "Markdown", 0, 0, 0, 0, 0, 0, 0, 0, 0, 0, 0, 0, 0, 0, 0, 0, 0, 0, 0, 0, 562, 0, 0, 0, 111, 673
"/Users/alexgo/code/vs-boost/.boost/output/md/scripts/set-org.sh.md", "Markdown", 0, 0, 0, 0, 0, 0, 0, 0, 0, 0, 0, 0, 0, 0, 0, 0, 0, 0, 0, 0, 176, 0, 0, 0, 156, 332
"/Users/alexgo/code/vs-boost/.boost/output/md/scripts/sync-github.js.md", "Markdown", 0, 0, 0, 0, 0, 0, 0, 0, 0, 0, 0, 0, 0, 0, 0, 0, 0, 0, 0, 0, 412, 0, 0, 0, 364, 776
"/Users/alexgo/code/vs-boost/.boost/output/md/src/controllers/analyze_controller.ts.md", "Markdown", 0, 0, 0, 0, 0, 0, 0, 0, 0, 0, 0, 0, 0, 0, 0, 0, 0, 0, 0, 0, 477, 0, 0, 0, 483, 960
"/Users/alexgo/code/vs-boost/.boost/output/md/src/controllers/analyze_function_controller.ts.md", "Markdown", 0, 0, 0, 0, 0, 0, 0, 0, 0, 0, 0, 0, 0, 0, 0, 0, 0, 0, 0, 0, 460, 0, 0, 0, 434, 894
"/Users/alexgo/code/vs-boost/.boost/output/md/src/controllers/base_controller.ts.md", "Markdown", 0, 0, 0, 0, 0, 0, 0, 0, 0, 0, 0, 0, 0, 0, 0, 0, 0, 0, 0, 0, 3104, 0, 0, 0, 2166, 5270
"/Users/alexgo/code/vs-boost/.boost/output/md/src/controllers/blueprint_controller.ts.md", "Markdown", 0, 0, 0, 0, 0, 0, 0, 0, 0, 0, 0, 0, 0, 0, 0, 0, 0, 0, 0, 0, 450, 0, 0, 0, 431, 881
"/Users/alexgo/code/vs-boost/.boost/output/md/src/controllers/boostServiceHelper.ts.md", "Markdown", 0, 0, 0, 0, 0, 0, 0, 0, 0, 0, 0, 0, 0, 0, 0, 0, 0, 0, 0, 0, 1062, 0, 0, 0, 839, 1901
"/Users/alexgo/code/vs-boost/.boost/output/md/src/controllers/chat_controller.ts.md", "Markdown", 0, 0, 0, 0, 0, 0, 0, 0, 0, 0, 0, 0, 0, 0, 0, 0, 0, 0, 0, 0, 495, 0, 0, 0, 494, 989
"/Users/alexgo/code/vs-boost/.boost/output/md/src/controllers/codeguidelines_controller.ts.md", "Markdown", 0, 0, 0, 0, 0, 0, 0, 0, 0, 0, 0, 0, 0, 0, 0, 0, 0, 0, 0, 0, 486, 0, 0, 0, 475, 961
"/Users/alexgo/code/vs-boost/.boost/output/md/src/controllers/compliance_controller.ts.md", "Markdown", 0, 0, 0, 0, 0, 0, 0, 0, 0, 0, 0, 0, 0, 0, 0, 0, 0, 0, 0, 0, 499, 0, 0, 0, 510, 1009
"/Users/alexgo/code/vs-boost/.boost/output/md/src/controllers/compliance_function_controller.ts.md", "Markdown", 0, 0, 0, 0, 0, 0, 0, 0, 0, 0, 0, 0, 0, 0, 0, 0, 0, 0, 0, 0, 409, 0, 0, 0, 388, 797
"/Users/alexgo/code/vs-boost/.boost/output/md/src/controllers/controllerOutputTypes.ts.md", "Markdown", 0, 0, 0, 0, 0, 0, 0, 0, 0, 0, 0, 0, 0, 0, 0, 0, 0, 0, 0, 0, 190, 0, 0, 0, 140, 330
"/Users/alexgo/code/vs-boost/.boost/output/md/src/controllers/convert_controller.ts.md", "Markdown", 0, 0, 0, 0, 0, 0, 0, 0, 0, 0, 0, 0, 0, 0, 0, 0, 0, 0, 0, 0, 909, 0, 0, 0, 534, 1443
"/Users/alexgo/code/vs-boost/.boost/output/md/src/controllers/custom_controller.ts.md", "Markdown", 0, 0, 0, 0, 0, 0, 0, 0, 0, 0, 0, 0, 0, 0, 0, 0, 0, 0, 0, 0, 596, 0, 0, 0, 562, 1158
"/Users/alexgo/code/vs-boost/.boost/output/md/src/controllers/customerPortal.ts.md", "Markdown", 0, 0, 0, 0, 0, 0, 0, 0, 0, 0, 0, 0, 0, 0, 0, 0, 0, 0, 0, 0, 751, 0, 0, 0, 535, 1286
"/Users/alexgo/code/vs-boost/.boost/output/md/src/controllers/customquickscan_function_controller.ts.md", "Markdown", 0, 0, 0, 0, 0, 0, 0, 0, 0, 0, 0, 0, 0, 0, 0, 0, 0, 0, 0, 0, 576, 0, 0, 0, 535, 1111
"/Users/alexgo/code/vs-boost/.boost/output/md/src/controllers/explain_controller.ts.md", "Markdown", 0, 0, 0, 0, 0, 0, 0, 0, 0, 0, 0, 0, 0, 0, 0, 0, 0, 0, 0, 0, 448, 0, 0, 0, 448, 896
"/Users/alexgo/code/vs-boost/.boost/output/md/src/controllers/flowdiagram_controller.ts.md", "Markdown", 0, 0, 0, 0, 0, 0, 0, 0, 0, 0, 0, 0, 0, 0, 0, 0, 0, 0, 0, 0, 369, 0, 0, 0, 363, 732
"/Users/alexgo/code/vs-boost/.boost/output/md/src/controllers/function_base_controller.ts.md", "Markdown", 0, 0, 0, 0, 0, 0, 0, 0, 0, 0, 0, 0, 0, 0, 0, 0, 0, 0, 0, 0, 552, 0, 0, 0, 458, 1010
"/Users/alexgo/code/vs-boost/.boost/output/md/src/controllers/performance_controller.ts.md", "Markdown", 0, 0, 0, 0, 0, 0, 0, 0, 0, 0, 0, 0, 0, 0, 0, 0, 0, 0, 0, 0, 485, 0, 0, 0, 480, 965
"/Users/alexgo/code/vs-boost/.boost/output/md/src/controllers/performance_function_controller.ts.md", "Markdown", 0, 0, 0, 0, 0, 0, 0, 0, 0, 0, 0, 0, 0, 0, 0, 0, 0, 0, 0, 0, 400, 0, 0, 0, 394, 794
"/Users/alexgo/code/vs-boost/.boost/output/md/src/controllers/quick_blueprint_controller.ts.md", "Markdown", 0, 0, 0, 0, 0, 0, 0, 0, 0, 0, 0, 0, 0, 0, 0, 0, 0, 0, 0, 0, 941, 0, 0, 0, 721, 1662
"/Users/alexgo/code/vs-boost/.boost/output/md/src/controllers/quick_compliance_summary_controller.ts.md", "Markdown", 0, 0, 0, 0, 0, 0, 0, 0, 0, 0, 0, 0, 0, 0, 0, 0, 0, 0, 0, 0, 349, 0, 0, 0, 345, 694
"/Users/alexgo/code/vs-boost/.boost/output/md/src/controllers/quick_performance_summary_controller.ts.md", "Markdown", 0, 0, 0, 0, 0, 0, 0, 0, 0, 0, 0, 0, 0, 0, 0, 0, 0, 0, 0, 0, 341, 0, 0, 0, 331, 672
"/Users/alexgo/code/vs-boost/.boost/output/md/src/controllers/quick_security_summary_controller.ts.md", "Markdown", 0, 0, 0, 0, 0, 0, 0, 0, 0, 0, 0, 0, 0, 0, 0, 0, 0, 0, 0, 0, 299, 0, 0, 0, 300, 599
"/Users/alexgo/code/vs-boost/.boost/output/md/src/controllers/quick_summary_controller.ts.md", "Markdown", 0, 0, 0, 0, 0, 0, 0, 0, 0, 0, 0, 0, 0, 0, 0, 0, 0, 0, 0, 0, 1515, 0, 0, 0, 807, 2322
"/Users/alexgo/code/vs-boost/.boost/output/md/src/controllers/summary_controller.ts.md", "Markdown", 0, 0, 0, 0, 0, 0, 0, 0, 0, 0, 0, 0, 0, 0, 0, 0, 0, 0, 0, 0, 991, 0, 0, 0, 726, 1717
"/Users/alexgo/code/vs-boost/.boost/output/md/src/controllers/testgen_controller.ts.md", "Markdown", 0, 0, 0, 0, 0, 0, 0, 0, 0, 0, 0, 0, 0, 0, 0, 0, 0, 0, 0, 0, 490, 0, 0, 0, 466, 956
"/Users/alexgo/code/vs-boost/.boost/output/md/src/controllers/user_organizations.ts.md", "Markdown", 0, 0, 0, 0, 0, 0, 0, 0, 0, 0, 0, 0, 0, 0, 0, 0, 0, 0, 0, 0, 599, 0, 0, 0, 528, 1127
"/Users/alexgo/code/vs-boost/.boost/output/md/src/dashboard/chat/main.ts.md", "Markdown", 0, 0, 0, 0, 0, 0, 0, 0, 0, 0, 0, 0, 0, 0, 0, 0, 0, 0, 0, 0, 489, 0, 0, 0, 417, 906
"/Users/alexgo/code/vs-boost/.boost/output/md/src/dashboard/chat_view.ts.md", "Markdown", 0, 0, 0, 0, 0, 0, 0, 0, 0, 0, 0, 0, 0, 0, 0, 0, 0, 0, 0, 0, 1150, 0, 0, 0, 868, 2018
"/Users/alexgo/code/vs-boost/.boost/output/md/src/dashboard/markdown/main.ts.md", "Markdown", 0, 0, 0, 0, 0, 0, 0, 0, 0, 0, 0, 0, 0, 0, 0, 0, 0, 0, 0, 0, 181, 0, 0, 0, 171, 352
"/Users/alexgo/code/vs-boost/.boost/output/md/src/dashboard/markdown_view.ts.md", "Markdown", 0, 0, 0, 0, 0, 0, 0, 0, 0, 0, 0, 0, 0, 0, 0, 0, 0, 0, 0, 0, 847, 0, 0, 0, 722, 1569
"/Users/alexgo/code/vs-boost/.boost/output/md/src/dashboard/start_view.ts.md", "Markdown", 0, 0, 0, 0, 0, 0, 0, 0, 0, 0, 0, 0, 0, 0, 0, 0, 0, 0, 0, 0, 592, 0, 0, 0, 513, 1105
"/Users/alexgo/code/vs-boost/.boost/output/md/src/dashboard/summary_view.ts.md", "Markdown", 0, 0, 0, 0, 0, 0, 0, 0, 0, 0, 0, 0, 0, 0, 0, 0, 0, 0, 0, 0, 2618, 0, 0, 0, 1804, 4422
"/Users/alexgo/code/vs-boost/.boost/output/md/src/data/BoostProjectData.ts.md", "Markdown", 0, 0, 0, 0, 0, 0, 0, 0, 0, 0, 0, 0, 0, 0, 0, 0, 0, 0, 0, 0, 1074, 0, 0, 0, 747, 1821
"/Users/alexgo/code/vs-boost/.boost/output/md/src/data/IAnalysisContextData.ts.md", "Markdown", 0, 0, 0, 0, 0, 0, 0, 0, 0, 0, 0, 0, 0, 0, 0, 0, 0, 0, 0, 0, 144, 0, 0, 0, 142, 286
"/Users/alexgo/code/vs-boost/.boost/output/md/src/data/boostprojectdata_interface.ts.md", "Markdown", 0, 0, 0, 0, 0, 0, 0, 0, 0, 0, 0, 0, 0, 0, 0, 0, 0, 0, 0, 0, 883, 0, 0, 0, 753, 1636
"/Users/alexgo/code/vs-boost/.boost/output/md/src/data/incompatibleVersionException.ts.md", "Markdown", 0, 0, 0, 0, 0, 0, 0, 0, 0, 0, 0, 0, 0, 0, 0, 0, 0, 0, 0, 0, 100, 0, 0, 0, 82, 182
"/Users/alexgo/code/vs-boost/.boost/output/md/src/data/jupyter_notebook.ts.md", "Markdown", 0, 0, 0, 0, 0, 0, 0, 0, 0, 0, 0, 0, 0, 0, 0, 0, 0, 0, 0, 0, 896, 0, 0, 0, 709, 1605
"/Users/alexgo/code/vs-boost/.boost/output/md/src/data/userAnalysisType.ts.md", "Markdown", 0, 0, 0, 0, 0, 0, 0, 0, 0, 0, 0, 0, 0, 0, 0, 0, 0, 0, 0, 0, 140, 0, 0, 0, 122, 262
"/Users/alexgo/code/vs-boost/.boost/output/md/src/extension/BoostExtension.ts.md", "Markdown", 0, 0, 0, 0, 0, 0, 0, 0, 0, 0, 0, 0, 0, 0, 0, 0, 0, 0, 0, 0, 7559, 0, 0, 0, 3854, 11413
"/Users/alexgo/code/vs-boost/.boost/output/md/src/extension/extension.ts.md", "Markdown", 0, 0, 0, 0, 0, 0, 0, 0, 0, 0, 0, 0, 0, 0, 0, 0, 0, 0, 0, 0, 2673, 0, 0, 0, 2042, 4715
"/Users/alexgo/code/vs-boost/.boost/output/md/src/extension/extensionUtilities.ts.md", "Markdown", 0, 0, 0, 0, 0, 0, 0, 0, 0, 0, 0, 0, 0, 0, 0, 0, 0, 0, 0, 0, 261, 0, 0, 0, 265, 526
"/Users/alexgo/code/vs-boost/.boost/output/md/src/extension/extension_state.ts.md", "Markdown", 0, 0, 0, 0, 0, 0, 0, 0, 0, 0, 0, 0, 0, 0, 0, 0, 0, 0, 0, 0, 129, 0, 0, 0, 122, 251
"/Users/alexgo/code/vs-boost/.boost/output/md/src/extension/portal.ts.md", "Markdown", 0, 0, 0, 0, 0, 0, 0, 0, 0, 0, 0, 0, 0, 0, 0, 0, 0, 0, 0, 0, 873, 0, 0, 0, 591, 1464
"/Users/alexgo/code/vs-boost/.boost/output/md/src/extension/vscodeUtilities.ts.md", "Markdown", 0, 0, 0, 0, 0, 0, 0, 0, 0, 0, 0, 0, 0, 0, 0, 0, 0, 0, 0, 0, 1953, 0, 0, 0, 912, 2865
"/Users/alexgo/code/vs-boost/.boost/output/md/src/inline/codelens_provider.ts.md", "Markdown", 0, 0, 0, 0, 0, 0, 0, 0, 0, 0, 0, 0, 0, 0, 0, 0, 0, 0, 0, 0, 174, 0, 0, 0, 135, 309
"/Users/alexgo/code/vs-boost/.boost/output/md/src/inline/decorator_provider.ts.md", "Markdown", 0, 0, 0, 0, 0, 0, 0, 0, 0, 0, 0, 0, 0, 0, 0, 0, 0, 0, 0, 0, 469, 0, 0, 0, 362, 831
"/Users/alexgo/code/vs-boost/.boost/output/md/src/inline/inline.ts.md", "Markdown", 0, 0, 0, 0, 0, 0, 0, 0, 0, 0, 0, 0, 0, 0, 0, 0, 0, 0, 0, 0, 234, 0, 0, 0, 215, 449
"/Users/alexgo/code/vs-boost/.boost/output/md/src/user/organization.ts.md", "Markdown", 0, 0, 0, 0, 0, 0, 0, 0, 0, 0, 0, 0, 0, 0, 0, 0, 0, 0, 0, 0, 611, 0, 0, 0, 473, 1084
"/Users/alexgo/code/vs-boost/.boost/output/md/src/utilities/authorization.ts.md", "Markdown", 0, 0, 0, 0, 0, 0, 0, 0, 0, 0, 0, 0, 0, 0, 0, 0, 0, 0, 0, 0, 1029, 0, 0, 0, 899, 1928
"/Users/alexgo/code/vs-boost/.boost/output/md/src/utilities/boostLogging.ts.md", "Markdown", 0, 0, 0, 0, 0, 0, 0, 0, 0, 0, 0, 0, 0, 0, 0, 0, 0, 0, 0, 0, 414, 0, 0, 0, 302, 716
"/Users/alexgo/code/vs-boost/.boost/output/md/src/utilities/boostOnly.ts.md", "Markdown", 0, 0, 0, 0, 0, 0, 0, 0, 0, 0, 0, 0, 0, 0, 0, 0, 0, 0, 0, 0, 688, 0, 0, 0, 592, 1280
"/Users/alexgo/code/vs-boost/.boost/output/md/src/utilities/convert_html.ts.md", "Markdown", 0, 0, 0, 0, 0, 0, 0, 0, 0, 0, 0, 0, 0, 0, 0, 0, 0, 0, 0, 0, 1175, 0, 0, 0, 497, 1672
"/Users/alexgo/code/vs-boost/.boost/output/md/src/utilities/convert_markdown.ts.md", "Markdown", 0, 0, 0, 0, 0, 0, 0, 0, 0, 0, 0, 0, 0, 0, 0, 0, 0, 0, 0, 0, 944, 0, 0, 0, 759, 1703
"/Users/alexgo/code/vs-boost/.boost/output/md/src/utilities/convert_pdf.ts.md", "Markdown", 0, 0, 0, 0, 0, 0, 0, 0, 0, 0, 0, 0, 0, 0, 0, 0, 0, 0, 0, 0, 565, 0, 0, 0, 507, 1072
"/Users/alexgo/code/vs-boost/.boost/output/md/src/utilities/datetime.ts.md", "Markdown", 0, 0, 0, 0, 0, 0, 0, 0, 0, 0, 0, 0, 0, 0, 0, 0, 0, 0, 0, 0, 144, 0, 0, 0, 124, 268
"/Users/alexgo/code/vs-boost/.boost/output/md/src/utilities/error.ts.md", "Markdown", 0, 0, 0, 0, 0, 0, 0, 0, 0, 0, 0, 0, 0, 0, 0, 0, 0, 0, 0, 0, 291, 0, 0, 0, 220, 511
"/Users/alexgo/code/vs-boost/.boost/output/md/src/utilities/files.ts.md", "Markdown", 0, 0, 0, 0, 0, 0, 0, 0, 0, 0, 0, 0, 0, 0, 0, 0, 0, 0, 0, 0, 1543, 0, 0, 0, 1019, 2562
"/Users/alexgo/code/vs-boost/.boost/output/md/src/utilities/git.d.ts.md", "Markdown", 0, 0, 0, 0, 0, 0, 0, 0, 0, 0, 0, 0, 0, 0, 0, 0, 0, 0, 0, 0, 2554, 0, 0, 0, 2025, 4579
"/Users/alexgo/code/vs-boost/.boost/output/md/src/utilities/marked-highlights.d.ts.md", "Markdown", 0, 0, 0, 0, 0, 0, 0, 0, 0, 0, 0, 0, 0, 0, 0, 0, 0, 0, 0, 0, 77, 0, 0, 0, 82, 159
"/Users/alexgo/code/vs-boost/.boost/output/md/src/utilities/serializer.ts.md", "Markdown", 0, 0, 0, 0, 0, 0, 0, 0, 0, 0, 0, 0, 0, 0, 0, 0, 0, 0, 0, 0, 669, 0, 0, 0, 517, 1186
"/Users/alexgo/code/vs-boost/.boost/output/md/src/utilities/workflow_engine.ts.md", "Markdown", 0, 0, 0, 0, 0, 0, 0, 0, 0, 0, 0, 0, 0, 0, 0, 0, 0, 0, 0, 0, 1005, 0, 0, 0, 522, 1527
"/Users/alexgo/code/vs-boost/.eslintrc.json", "JSON with Comments", 0, 0, 22, 0, 0, 0, 0, 0, 0, 0, 0, 0, 0, 0, 0, 0, 0, 0, 0, 0, 0, 0, 0, 3, 0, 25
"/Users/alexgo/code/vs-boost/.prettierrc", "JSON", 0, 4, 0, 0, 0, 0, 0, 0, 0, 0, 0, 0, 0, 0, 0, 0, 0, 0, 0, 0, 0, 0, 0, 0, 1, 5
"/Users/alexgo/code/vs-boost/.vscodeignore", "Ignore", 0, 0, 0, 0, 0, 0, 0, 0, 0, 0, 0, 0, 0, 0, 0, 0, 0, 0, 0, 0, 0, 23, 0, 0, 0, 23
"/Users/alexgo/code/vs-boost/CHANGELOG.md", "Markdown", 0, 0, 0, 0, 0, 0, 0, 0, 0, 0, 0, 0, 0, 0, 0, 0, 0, 0, 0, 0, 404, 0, 0, 0, 128, 532
"/Users/alexgo/code/vs-boost/README.md", "Markdown", 0, 0, 0, 0, 0, 0, 0, 0, 0, 0, 0, 0, 0, 0, 0, 0, 0, 0, 0, 0, 32, 0, 0, 0, 16, 48
"/Users/alexgo/code/vs-boost/build_instructions.sh", "Shell Script", 0, 0, 0, 0, 0, 0, 0, 0, 0, 0, 0, 0, 0, 0, 0, 0, 0, 0, 0, 8, 0, 0, 0, 4, 4, 16
"/Users/alexgo/code/vs-boost/esbuild.js", "JavaScript", 0, 0, 0, 0, 0, 0, 0, 0, 0, 77, 0, 0, 0, 0, 0, 0, 0, 0, 0, 0, 0, 0, 0, 17, 11, 105
"/Users/alexgo/code/vs-boost/internal_readme.md", "Markdown", 0, 0, 0, 0, 0, 0, 0, 0, 0, 0, 0, 0, 0, 0, 0, 0, 0, 0, 0, 0, 179, 0, 0, 0, 53, 232
"/Users/alexgo/code/vs-boost/package-lock.json", "JSON", 0, 7119, 0, 0, 0, 0, 0, 0, 0, 0, 0, 0, 0, 0, 0, 0, 0, 0, 0, 0, 0, 0, 0, 0, 1, 7120
"/Users/alexgo/code/vs-boost/package.json", "JSON", 0, 523, 0, 0, 0, 0, 0, 0, 0, 0, 0, 0, 0, 0, 0, 0, 0, 0, 0, 0, 0, 0, 0, 75, 0, 598
"/Users/alexgo/code/vs-boost/raw_instructions.md", "Markdown", 0, 0, 0, 0, 0, 0, 0, 0, 0, 0, 0, 0, 0, 0, 0, 0, 0, 0, 0, 0, 38, 0, 0, 0, 34, 72
"/Users/alexgo/code/vs-boost/resources/blueprint_template.md", "Markdown", 0, 0, 0, 0, 0, 0, 0, 0, 0, 0, 0, 0, 0, 0, 0, 0, 0, 0, 0, 0, 11, 0, 0, 0, 2, 13
"/Users/alexgo/code/vs-boost/resources/boost_full_logo.svg", "XML", 0, 0, 0, 0, 0, 0, 0, 1, 0, 0, 0, 0, 0, 0, 0, 0, 0, 0, 0, 0, 0, 0, 0, 0, 0, 1
"/Users/alexgo/code/vs-boost/resources/boost_full_logo_blue.svg", "XML", 0, 0, 0, 0, 0, 0, 0, 1, 0, 0, 0, 0, 0, 0, 0, 0, 0, 0, 0, 0, 0, 0, 0, 0, 0, 1
"/Users/alexgo/code/vs-boost/resources/boost_icon_plain.svg", "XML", 0, 0, 0, 0, 0, 0, 0, 1, 0, 0, 0, 0, 0, 0, 0, 0, 0, 0, 0, 0, 0, 0, 0, 0, 0, 1
"/Users/alexgo/code/vs-boost/resources/boost_logo.svg", "XML", 0, 0, 0, 0, 0, 0, 0, 1, 0, 0, 0, 0, 0, 0, 0, 0, 0, 0, 0, 0, 0, 0, 0, 0, 0, 1
"/Users/alexgo/code/vs-boost/resources/boost_logo_blue.svg", "XML", 0, 0, 0, 0, 0, 0, 0, 1, 0, 0, 0, 0, 0, 0, 0, 0, 0, 0, 0, 0, 0, 0, 0, 0, 0, 1
"/Users/alexgo/code/vs-boost/resources/dashboard/chat.html", "HTML", 0, 0, 0, 0, 0, 0, 0, 0, 0, 0, 0, 0, 0, 0, 0, 0, 0, 0, 0, 0, 0, 0, 68, 0, 2, 70
"/Users/alexgo/code/vs-boost/resources/dashboard/markdown.html", "HTML", 0, 0, 0, 0, 0, 0, 0, 0, 0, 0, 0, 0, 0, 0, 0, 0, 0, 0, 0, 0, 0, 0, 18, 0, 2, 20
"/Users/alexgo/code/vs-boost/resources/dashboard/start.html", "HTML", 0, 0, 0, 0, 0, 0, 0, 0, 0, 0, 0, 0, 0, 0, 0, 0, 0, 0, 0, 0, 0, 0, 23, 0, 2, 25
"/Users/alexgo/code/vs-boost/resources/dashboard/summary.html", "HTML", 0, 0, 0, 0, 0, 0, 0, 0, 0, 0, 0, 0, 0, 0, 0, 0, 0, 0, 0, 0, 0, 0, 126, 0, 7, 133
"/Users/alexgo/code/vs-boost/resources/export/notebook_html.html", "HTML", 0, 0, 0, 0, 0, 0, 0, 0, 0, 0, 0, 0, 0, 0, 0, 0, 0, 0, 0, 0, 0, 0, 83, 0, 14, 97
"/Users/alexgo/code/vs-boost/resources/export/pdf_footer.html", "HTML", 0, 0, 0, 0, 0, 0, 0, 0, 0, 0, 0, 0, 0, 0, 0, 0, 0, 0, 0, 0, 0, 0, 13, 0, 1, 14
"/Users/alexgo/code/vs-boost/resources/export/pdf_header.html", "HTML", 0, 0, 0, 0, 0, 0, 0, 0, 0, 0, 0, 0, 0, 0, 0, 0, 0, 0, 0, 0, 0, 0, 3, 0, 0, 3
"/Users/alexgo/code/vs-boost/scripts/packageAndCheckSize.js", "JavaScript", 0, 0, 0, 0, 0, 0, 0, 0, 0, 18, 0, 0, 0, 0, 0, 0, 0, 0, 0, 0, 0, 0, 0, 2, 5, 25
"/Users/alexgo/code/vs-boost/scripts/set-org.sh", "Shell Script", 0, 0, 0, 0, 0, 0, 0, 0, 0, 0, 0, 0, 0, 0, 0, 0, 0, 0, 0, 13, 0, 0, 0, 7, 7, 27
"/Users/alexgo/code/vs-boost/scripts/sync-github.js", "JavaScript", 0, 0, 0, 0, 0, 0, 0, 0, 0, 25, 0, 0, 0, 0, 0, 0, 0, 0, 0, 0, 0, 0, 0, 5, 7, 37
"/Users/alexgo/code/vs-boost/src/controllers/analyze_controller.ts", "TypeScript", 59, 0, 0, 0, 0, 0, 0, 0, 0, 0, 0, 0, 0, 0, 0, 0, 0, 0, 0, 0, 0, 0, 0, 0, 7, 66
"/Users/alexgo/code/vs-boost/src/controllers/analyze_function_controller.ts", "TypeScript", 42, 0, 0, 0, 0, 0, 0, 0, 0, 0, 0, 0, 0, 0, 0, 0, 0, 0, 0, 0, 0, 0, 0, 0, 6, 48
"/Users/alexgo/code/vs-boost/src/controllers/base_controller.ts", "TypeScript", 837, 0, 0, 0, 0, 0, 0, 0, 0, 0, 0, 0, 0, 0, 0, 0, 0, 0, 0, 0, 0, 0, 0, 58, 93, 988
"/Users/alexgo/code/vs-boost/src/controllers/blueprint_controller.ts", "TypeScript", 61, 0, 0, 0, 0, 0, 0, 0, 0, 0, 0, 0, 0, 0, 0, 0, 0, 0, 0, 0, 0, 0, 0, 0, 8, 69
"/Users/alexgo/code/vs-boost/src/controllers/boostServiceHelper.ts", "TypeScript", 305, 0, 0, 0, 0, 0, 0, 0, 0, 0, 0, 0, 0, 0, 0, 0, 0, 0, 0, 0, 0, 0, 0, 25, 27, 357
"/Users/alexgo/code/vs-boost/src/controllers/chat_controller.ts", "TypeScript", 66, 0, 0, 0, 0, 0, 0, 0, 0, 0, 0, 0, 0, 0, 0, 0, 0, 0, 0, 0, 0, 0, 0, 0, 7, 73
"/Users/alexgo/code/vs-boost/src/controllers/codeguidelines_controller.ts", "TypeScript", 56, 0, 0, 0, 0, 0, 0, 0, 0, 0, 0, 0, 0, 0, 0, 0, 0, 0, 0, 0, 0, 0, 0, 0, 6, 62
"/Users/alexgo/code/vs-boost/src/controllers/compliance_controller.ts", "TypeScript", 56, 0, 0, 0, 0, 0, 0, 0, 0, 0, 0, 0, 0, 0, 0, 0, 0, 0, 0, 0, 0, 0, 0, 0, 7, 63
"/Users/alexgo/code/vs-boost/src/controllers/compliance_function_controller.ts", "TypeScript", 43, 0, 0, 0, 0, 0, 0, 0, 0, 0, 0, 0, 0, 0, 0, 0, 0, 0, 0, 0, 0, 0, 0, 0, 7, 50
"/Users/alexgo/code/vs-boost/src/controllers/controllerOutputTypes.ts", "TypeScript", 33, 0, 0, 0, 0, 0, 0, 0, 0, 0, 0, 0, 0, 0, 0, 0, 0, 0, 0, 0, 0, 0, 0, 3, 3, 39
"/Users/alexgo/code/vs-boost/src/controllers/convert_controller.ts", "TypeScript", 163, 0, 0, 0, 0, 0, 0, 0, 0, 0, 0, 0, 0, 0, 0, 0, 0, 0, 0, 0, 0, 0, 0, 14, 26, 203
"/Users/alexgo/code/vs-boost/src/controllers/custom_controller.ts", "TypeScript", 94, 0, 0, 0, 0, 0, 0, 0, 0, 0, 0, 0, 0, 0, 0, 0, 0, 0, 0, 0, 0, 0, 0, 3, 18, 115
"/Users/alexgo/code/vs-boost/src/controllers/customerPortal.ts", "TypeScript", 67, 0, 0, 0, 0, 0, 0, 0, 0, 0, 0, 0, 0, 0, 0, 0, 0, 0, 0, 0, 0, 0, 0, 2, 8, 77
"/Users/alexgo/code/vs-boost/src/controllers/customquickscan_function_controller.ts", "TypeScript", 97, 0, 0, 0, 0, 0, 0, 0, 0, 0, 0, 0, 0, 0, 0, 0, 0, 0, 0, 0, 0, 0, 0, 6, 16, 119
"/Users/alexgo/code/vs-boost/src/controllers/explain_controller.ts", "TypeScript", 59, 0, 0, 0, 0, 0, 0, 0, 0, 0, 0, 0, 0, 0, 0, 0, 0, 0, 0, 0, 0, 0, 0, 0, 6, 65
"/Users/alexgo/code/vs-boost/src/controllers/flowdiagram_controller.ts", "TypeScript", 57, 0, 0, 0, 0, 0, 0, 0, 0, 0, 0, 0, 0, 0, 0, 0, 0, 0, 0, 0, 0, 0, 0, 0, 6, 63
"/Users/alexgo/code/vs-boost/src/controllers/function_base_controller.ts", "TypeScript", 165, 0, 0, 0, 0, 0, 0, 0, 0, 0, 0, 0, 0, 0, 0, 0, 0, 0, 0, 0, 0, 0, 0, 20, 37, 222
"/Users/alexgo/code/vs-boost/src/controllers/performance_controller.ts", "TypeScript", 56, 0, 0, 0, 0, 0, 0, 0, 0, 0, 0, 0, 0, 0, 0, 0, 0, 0, 0, 0, 0, 0, 0, 0, 7, 63
"/Users/alexgo/code/vs-boost/src/controllers/performance_function_controller.ts", "TypeScript", 41, 0, 0, 0, 0, 0, 0, 0, 0, 0, 0, 0, 0, 0, 0, 0, 0, 0, 0, 0, 0, 0, 0, 0, 6, 47
"/Users/alexgo/code/vs-boost/src/controllers/quick_blueprint_controller.ts", "TypeScript", 314, 0, 0, 0, 0, 0, 0, 0, 0, 0, 0, 0, 0, 0, 0, 0, 0, 0, 0, 0, 0, 0, 0, 19, 35, 368
"/Users/alexgo/code/vs-boost/src/controllers/quick_compliance_summary_controller.ts", "TypeScript", 27, 0, 0, 0, 0, 0, 0, 0, 0, 0, 0, 0, 0, 0, 0, 0, 0, 0, 0, 0, 0, 0, 0, 0, 5, 32
"/Users/alexgo/code/vs-boost/src/controllers/quick_performance_summary_controller.ts", "TypeScript", 27, 0, 0, 0, 0, 0, 0, 0, 0, 0, 0, 0, 0, 0, 0, 0, 0, 0, 0, 0, 0, 0, 0, 0, 5, 32
"/Users/alexgo/code/vs-boost/src/controllers/quick_security_summary_controller.ts", "TypeScript", 27, 0, 0, 0, 0, 0, 0, 0, 0, 0, 0, 0, 0, 0, 0, 0, 0, 0, 0, 0, 0, 0, 0, 0, 5, 32
"/Users/alexgo/code/vs-boost/src/controllers/quick_summary_controller.ts", "TypeScript", 396, 0, 0, 0, 0, 0, 0, 0, 0, 0, 0, 0, 0, 0, 0, 0, 0, 0, 0, 0, 0, 0, 0, 48, 84, 528
"/Users/alexgo/code/vs-boost/src/controllers/summary_controller.ts", "TypeScript", 205, 0, 0, 0, 0, 0, 0, 0, 0, 0, 0, 0, 0, 0, 0, 0, 0, 0, 0, 0, 0, 0, 0, 154, 29, 388
"/Users/alexgo/code/vs-boost/src/controllers/testgen_controller.ts", "TypeScript", 96, 0, 0, 0, 0, 0, 0, 0, 0, 0, 0, 0, 0, 0, 0, 0, 0, 0, 0, 0, 0, 0, 0, 6, 16, 118
"/Users/alexgo/code/vs-boost/src/controllers/user_organizations.ts", "TypeScript", 48, 0, 0, 0, 0, 0, 0, 0, 0, 0, 0, 0, 0, 0, 0, 0, 0, 0, 0, 0, 0, 0, 0, 2, 6, 56
"/Users/alexgo/code/vs-boost/src/dashboard/BaseWebviewViewProvider.ts", "TypeScript", 90, 0, 0, 0, 0, 0, 0, 0, 0, 0, 0, 0, 0, 0, 0, 0, 0, 0, 0, 0, 0, 0, 0, 1, 18, 109
"/Users/alexgo/code/vs-boost/src/dashboard/chat/main.ts", "TypeScript", 91, 0, 0, 0, 0, 0, 0, 0, 0, 0, 0, 0, 0, 0, 0, 0, 0, 0, 0, 0, 0, 0, 0, 19, 19, 129
"/Users/alexgo/code/vs-boost/src/dashboard/chat_view.ts", "TypeScript", 260, 0, 0, 0, 0, 0, 0, 0, 0, 0, 0, 0, 0, 0, 0, 0, 0, 0, 0, 0, 0, 0, 0, 26, 39, 325
"/Users/alexgo/code/vs-boost/src/dashboard/markdown/main.ts", "TypeScript", 12, 0, 0, 0, 0, 0, 0, 0, 0, 0, 0, 0, 0, 0, 0, 0, 0, 0, 0, 0, 0, 0, 0, 4, 5, 21
"/Users/alexgo/code/vs-boost/src/dashboard/markdown_view.ts", "TypeScript", 130, 0, 0, 0, 0, 0, 0, 0, 0, 0, 0, 0, 0, 0, 0, 0, 0, 0, 0, 0, 0, 0, 0, 9, 16, 155
"/Users/alexgo/code/vs-boost/src/dashboard/start/main.ts", "TypeScript", 29, 0, 0, 0, 0, 0, 0, 0, 0, 0, 0, 0, 0, 0, 0, 0, 0, 0, 0, 0, 0, 0, 0, 40, 9, 78
"/Users/alexgo/code/vs-boost/src/dashboard/start_view.ts", "TypeScript", 75, 0, 0, 0, 0, 0, 0, 0, 0, 0, 0, 0, 0, 0, 0, 0, 0, 0, 0, 0, 0, 0, 0, 0, 18, 93
"/Users/alexgo/code/vs-boost/src/dashboard/summary/compute_view_data.ts", "TypeScript", 308, 0, 0, 0, 0, 0, 0, 0, 0, 0, 0, 0, 0, 0, 0, 0, 0, 0, 0, 0, 0, 0, 0, 39, 24, 371
"/Users/alexgo/code/vs-boost/src/dashboard/summary/details_list.ts", "TypeScript", 23, 0, 0, 0, 0, 0, 0, 0, 0, 0, 0, 0, 0, 0, 0, 0, 0, 0, 0, 0, 0, 0, 0, 0, 5, 28
"/Users/alexgo/code/vs-boost/src/dashboard/summary/main.ts", "TypeScript", 354, 0, 0, 0, 0, 0, 0, 0, 0, 0, 0, 0, 0, 0, 0, 0, 0, 0, 0, 0, 0, 0, 0, 68, 61, 483
"/Users/alexgo/code/vs-boost/src/dashboard/summary/progress_meter.ts", "TypeScript", 122, 0, 0, 0, 0, 0, 0, 0, 0, 0, 0, 0, 0, 0, 0, 0, 0, 0, 0, 0, 0, 0, 0, 3, 14, 139
"/Users/alexgo/code/vs-boost/src/dashboard/summary/summary_list.ts", "TypeScript", 51, 0, 0, 0, 0, 0, 0, 0, 0, 0, 0, 0, 0, 0, 0, 0, 0, 0, 0, 0, 0, 0, 0, 4, 10, 65
"/Users/alexgo/code/vs-boost/src/dashboard/summary/util.ts", "TypeScript", 11, 0, 0, 0, 0, 0, 0, 0, 0, 0, 0, 0, 0, 0, 0, 0, 0, 0, 0, 0, 0, 0, 0, 0, 3, 14
"/Users/alexgo/code/vs-boost/src/dashboard/summary_view.ts", "TypeScript", 906, 0, 0, 0, 0, 0, 0, 0, 0, 0, 0, 0, 0, 0, 0, 0, 0, 0, 0, 0, 0, 0, 0, 61, 108, 1075
"/Users/alexgo/code/vs-boost/src/data/BoostProjectData.ts", "TypeScript", 407, 0, 0, 0, 0, 0, 0, 0, 0, 0, 0, 0, 0, 0, 0, 0, 0, 0, 0, 0, 0, 0, 0, 32, 60, 499
"/Users/alexgo/code/vs-boost/src/data/IAnalysisContextData.ts", "TypeScript", 11, 0, 0, 0, 0, 0, 0, 0, 0, 0, 0, 0, 0, 0, 0, 0, 0, 0, 0, 0, 0, 0, 0, 0, 2, 13
"/Users/alexgo/code/vs-boost/src/data/ProjectContextData.ts", "TypeScript", 23, 0, 0, 0, 0, 0, 0, 0, 0, 0, 0, 0, 0, 0, 0, 0, 0, 0, 0, 0, 0, 0, 0, 0, 3, 26
"/Users/alexgo/code/vs-boost/src/data/boostprojectdata_interface.ts", "TypeScript", 142, 0, 0, 0, 0, 0, 0, 0, 0, 0, 0, 0, 0, 0, 0, 0, 0, 0, 0, 0, 0, 0, 0, 4, 15, 161
"/Users/alexgo/code/vs-boost/src/data/incompatibleVersionException.ts", "TypeScript", 13, 0, 0, 0, 0, 0, 0, 0, 0, 0, 0, 0, 0, 0, 0, 0, 0, 0, 0, 0, 0, 0, 0, 0, 0, 13
"/Users/alexgo/code/vs-boost/src/data/jupyter_notebook.ts", "TypeScript", 174, 0, 0, 0, 0, 0, 0, 0, 0, 0, 0, 0, 0, 0, 0, 0, 0, 0, 0, 0, 0, 0, 0, 48, 32, 254
"/Users/alexgo/code/vs-boost/src/data/userAnalysisType.ts", "TypeScript", 14, 0, 0, 0, 0, 0, 0, 0, 0, 0, 0, 0, 0, 0, 0, 0, 0, 0, 0, 0, 0, 0, 0, 0, 2, 16
"/Users/alexgo/code/vs-boost/src/extension/BoostExtension.ts", "TypeScript", 3935, 0, 0, 0, 0, 0, 0, 0, 0, 0, 0, 0, 0, 0, 0, 0, 0, 0, 0, 0, 0, 0, 0, 265, 425, 4625
"/Users/alexgo/code/vs-boost/src/extension/boostConfiguration.ts", "TypeScript", 223, 0, 0, 0, 0, 0, 0, 0, 0, 0, 0, 0, 0, 0, 0, 0, 0, 0, 0, 0, 0, 0, 0, 9, 58, 290
"/Users/alexgo/code/vs-boost/src/extension/extension.ts", "TypeScript", 547, 0, 0, 0, 0, 0, 0, 0, 0, 0, 0, 0, 0, 0, 0, 0, 0, 0, 0, 0, 0, 0, 0, 61, 97, 705
"/Users/alexgo/code/vs-boost/src/extension/extensionUtilities.ts", "TypeScript", 15, 0, 0, 0, 0, 0, 0, 0, 0, 0, 0, 0, 0, 0, 0, 0, 0, 0, 0, 0, 0, 0, 0, 4, 5, 24
"/Users/alexgo/code/vs-boost/src/extension/extension_state.ts", "TypeScript", 8, 0, 0, 0, 0, 0, 0, 0, 0, 0, 0, 0, 0, 0, 0, 0, 0, 0, 0, 0, 0, 0, 0, 0, 5, 13
"/Users/alexgo/code/vs-boost/src/extension/portal.ts", "TypeScript", 188, 0, 0, 0, 0, 0, 0, 0, 0, 0, 0, 0, 0, 0, 0, 0, 0, 0, 0, 0, 0, 0, 0, 16, 14, 218
"/Users/alexgo/code/vs-boost/src/extension/vscodeUtilities.ts", "TypeScript", 238, 0, 0, 0, 0, 0, 0, 0, 0, 0, 0, 0, 0, 0, 0, 0, 0, 0, 0, 0, 0, 0, 0, 28, 59, 325
"/Users/alexgo/code/vs-boost/src/inline/codelens_provider.ts", "TypeScript", 44, 0, 0, 0, 0, 0, 0, 0, 0, 0, 0, 0, 0, 0, 0, 0, 0, 0, 0, 0, 0, 0, 0, 3, 9, 56
"/Users/alexgo/code/vs-boost/src/inline/decorator_provider.ts", "TypeScript", 166, 0, 0, 0, 0, 0, 0, 0, 0, 0, 0, 0, 0, 0, 0, 0, 0, 0, 0, 0, 0, 0, 0, 4, 33, 203
"/Users/alexgo/code/vs-boost/src/inline/inline.ts", "TypeScript", 14, 0, 0, 0, 0, 0, 0, 0, 0, 0, 0, 0, 0, 0, 0, 0, 0, 0, 0, 0, 0, 0, 0, 10, 4, 28
"/Users/alexgo/code/vs-boost/src/instructions.json", "JSON", 0, 3, 0, 0, 0, 0, 0, 0, 0, 0, 0, 0, 0, 0, 0, 0, 0, 0, 0, 0, 0, 0, 0, 0, 0, 3
"/Users/alexgo/code/vs-boost/src/test/commandRunner.ts", "TypeScript", 26, 0, 0, 0, 0, 0, 0, 0, 0, 0, 0, 0, 0, 0, 0, 0, 0, 0, 0, 0, 0, 0, 0, 2, 5, 33
"/Users/alexgo/code/vs-boost/src/test/mocha.json", "JSON", 0, 6, 0, 0, 0, 0, 0, 0, 0, 0, 0, 0, 0, 0, 0, 0, 0, 0, 0, 0, 0, 0, 0, 0, 1, 7
"/Users/alexgo/code/vs-boost/src/test/resources/anagrams-5.go", "Go", 0, 0, 0, 0, 0, 0, 57, 0, 0, 0, 0, 0, 0, 0, 0, 0, 0, 0, 0, 0, 0, 0, 0, 0, 12, 69
"/Users/alexgo/code/vs-boost/src/test/resources/anagrams-deranged-anagrams-1.js", "JavaScript", 0, 0, 0, 0, 0, 0, 0, 0, 0, 62, 0, 0, 0, 0, 0, 0, 0, 0, 0, 0, 0, 0, 0, 0, 14, 76
"/Users/alexgo/code/vs-boost/src/test/resources/anagrams-deranged-anagrams.c", "C", 0, 0, 0, 0, 0, 0, 0, 0, 0, 0, 87, 0, 0, 0, 0, 0, 0, 0, 0, 0, 0, 0, 0, 3, 21, 111
"/Users/alexgo/code/vs-boost/src/test/resources/anagrams-deranged-anagrams.cpp", "C++", 0, 0, 0, 43, 0, 0, 0, 0, 0, 0, 0, 0, 0, 0, 0, 0, 0, 0, 0, 0, 0, 0, 0, 0, 8, 51
"/Users/alexgo/code/vs-boost/src/test/resources/anagrams-deranged-anagrams.h", "C++", 0, 0, 0, 20, 0, 0, 0, 0, 0, 0, 0, 0, 0, 0, 0, 0, 0, 0, 0, 0, 0, 0, 0, 28, 6, 54
"/Users/alexgo/code/vs-boost/src/test/resources/anagrams-deranged-anagrams.hpp", "C++", 0, 0, 0, 17, 0, 0, 0, 0, 0, 0, 0, 0, 0, 0, 0, 0, 0, 0, 0, 0, 0, 0, 0, 8, 8, 33
"/Users/alexgo/code/vs-boost/src/test/resources/anagrams-deranged-anagrams.php", "PHP", 0, 0, 0, 0, 0, 0, 0, 0, 0, 0, 0, 0, 0, 0, 0, 59, 0, 0, 0, 0, 0, 0, 0, 0, 5, 64
"/Users/alexgo/code/vs-boost/src/test/resources/anagrams-deranged-anagrams.rb", "Ruby", 0, 0, 0, 0, 18, 0, 0, 0, 0, 0, 0, 0, 0, 0, 0, 0, 0, 0, 0, 0, 0, 0, 0, 0, 5, 23
"/Users/alexgo/code/vs-boost/src/test/resources/anagrams.pl", "Perl", 0, 0, 0, 0, 0, 0, 0, 0, 0, 0, 0, 0, 0, 0, 0, 0, 36, 0, 0, 0, 0, 0, 0, 1, 9, 46
"/Users/alexgo/code/vs-boost/src/test/resources/anagrams.py", "Python", 0, 0, 0, 0, 0, 0, 0, 0, 0, 0, 0, 0, 0, 25, 0, 0, 0, 0, 0, 0, 0, 0, 0, 1, 13, 39
"/Users/alexgo/code/vs-boost/src/test/resources/anagrams.swift", "Swift", 0, 0, 0, 0, 0, 30, 0, 0, 0, 0, 0, 0, 0, 0, 0, 0, 0, 0, 0, 0, 0, 0, 0, 0, 12, 42
"/Users/alexgo/code/vs-boost/src/test/resources/anagrams.vb", "Visual Basic", 0, 0, 0, 0, 0, 0, 0, 0, 0, 0, 0, 0, 45, 0, 0, 0, 0, 0, 0, 0, 0, 0, 0, 0, 20, 65
"/Users/alexgo/code/vs-boost/src/test/resources/atom-task.coffee", "CoffeeScript", 0, 0, 0, 0, 0, 0, 0, 0, 69, 0, 0, 0, 0, 0, 0, 0, 0, 0, 0, 0, 0, 0, 0, 77, 19, 165
"/Users/alexgo/code/vs-boost/src/test/resources/build.gradle", "Groovy", 0, 0, 0, 0, 0, 0, 0, 0, 0, 0, 0, 3, 0, 0, 0, 0, 0, 0, 0, 0, 0, 0, 0, 0, 1, 4
"/Users/alexgo/code/vs-boost/src/test/resources/fixtures/recorded_tests.json", "JSON", 0, 185, 0, 0, 0, 0, 0, 0, 0, 0, 0, 0, 0, 0, 0, 0, 0, 0, 0, 0, 0, 0, 0, 0, 0, 185
"/Users/alexgo/code/vs-boost/src/test/resources/fo.xsl", "XSL", 0, 0, 0, 0, 0, 0, 0, 0, 0, 0, 0, 0, 0, 0, 0, 0, 0, 0, 98, 0, 0, 0, 0, 10, 12, 120
"/Users/alexgo/code/vs-boost/src/test/resources/foo.csproj", "XML", 0, 0, 0, 0, 0, 0, 0, 9, 0, 0, 0, 0, 0, 0, 0, 0, 0, 0, 0, 0, 0, 0, 0, 0, 1, 10
"/Users/alexgo/code/vs-boost/src/test/resources/heartbleed.rb", "Ruby", 0, 0, 0, 0, 58, 0, 0, 0, 0, 0, 0, 0, 0, 0, 0, 0, 0, 0, 0, 0, 0, 0, 0, 3, 23, 84
"/Users/alexgo/code/vs-boost/src/test/resources/heartbleed_d1_both.c", "C", 0, 0, 0, 0, 0, 0, 0, 0, 0, 0, 1074, 0, 0, 0, 0, 0, 0, 0, 0, 0, 0, 0, 0, 273, 244, 1591
"/Users/alexgo/code/vs-boost/src/test/resources/hello.c", "C", 0, 0, 0, 0, 0, 0, 0, 0, 0, 0, 4, 0, 0, 0, 0, 0, 0, 0, 0, 0, 0, 0, 0, 0, 3, 7
"/Users/alexgo/code/vs-boost/src/test/resources/makefile", "Makefile", 0, 0, 0, 0, 0, 0, 0, 0, 0, 0, 0, 0, 0, 0, 0, 0, 0, 2, 0, 0, 0, 0, 0, 0, 1, 3
"/Users/alexgo/code/vs-boost/src/test/resources/package.json", "JSON", 0, 7, 0, 0, 0, 0, 0, 0, 0, 0, 0, 0, 0, 0, 0, 0, 0, 0, 0, 0, 0, 0, 0, 0, 1, 8
"/Users/alexgo/code/vs-boost/src/test/resources/pom.xml", "XML", 0, 0, 0, 0, 0, 0, 0, 5, 0, 0, 0, 0, 0, 0, 0, 0, 0, 0, 0, 0, 0, 0, 0, 0, 1, 6
"/Users/alexgo/code/vs-boost/src/test/resources/pubspec.yaml", "YAML", 0, 0, 0, 0, 0, 0, 0, 0, 0, 0, 0, 0, 0, 0, 4, 0, 0, 0, 0, 0, 0, 0, 0, 0, 1, 5
"/Users/alexgo/code/vs-boost/src/test/resources/rakefile", "Ruby", 0, 0, 0, 0, 4, 0, 0, 0, 0, 0, 0, 0, 0, 0, 0, 0, 0, 0, 0, 0, 0, 0, 0, 0, 2, 6
"/Users/alexgo/code/vs-boost/src/test/resources/setup.py", "Python", 0, 0, 0, 0, 0, 0, 0, 0, 0, 0, 0, 0, 0, 7, 0, 0, 0, 0, 0, 0, 0, 0, 0, 0, 2, 9
"/Users/alexgo/code/vs-boost/src/test/runTest.ts", "TypeScript", 92, 0, 0, 0, 0, 0, 0, 0, 0, 0, 0, 0, 0, 0, 0, 0, 0, 0, 0, 0, 0, 0, 0, 11, 17, 120
"/Users/alexgo/code/vs-boost/src/test/runVSCodeCommand.ts", "TypeScript", 45, 0, 0, 0, 0, 0, 0, 0, 0, 0, 0, 0, 0, 0, 0, 0, 0, 0, 0, 0, 0, 0, 0, 4, 14, 63
"/Users/alexgo/code/vs-boost/src/test/suite/analyze_command.test.ts", "TypeScript", 7, 0, 0, 0, 0, 0, 0, 0, 0, 0, 0, 0, 0, 0, 0, 0, 0, 0, 0, 0, 0, 0, 0, 0, 2, 9
"/Users/alexgo/code/vs-boost/src/test/suite/blueprint_command.test.ts", "TypeScript", 7, 0, 0, 0, 0, 0, 0, 0, 0, 0, 0, 0, 0, 0, 0, 0, 0, 0, 0, 0, 0, 0, 0, 0, 2, 9
"/Users/alexgo/code/vs-boost/src/test/suite/boostdata.test.ts", "TypeScript", 184, 0, 0, 0, 0, 0, 0, 0, 0, 0, 0, 0, 0, 0, 0, 0, 0, 0, 0, 0, 0, 0, 0, 20, 27, 231
"/Users/alexgo/code/vs-boost/src/test/suite/code_conversion_command.test.ts", "TypeScript", 7, 0, 0, 0, 0, 0, 0, 0, 0, 0, 0, 0, 0, 0, 0, 0, 0, 0, 0, 0, 0, 0, 0, 0, 2, 9
"/Users/alexgo/code/vs-boost/src/test/suite/commands_exist.test.ts", "TypeScript", 98, 0, 0, 0, 0, 0, 0, 0, 0, 0, 0, 0, 0, 0, 0, 0, 0, 0, 0, 0, 0, 0, 0, 0, 12, 110
"/Users/alexgo/code/vs-boost/src/test/suite/compliance_command.test.ts", "TypeScript", 7, 0, 0, 0, 0, 0, 0, 0, 0, 0, 0, 0, 0, 0, 0, 0, 0, 0, 0, 0, 0, 0, 0, 0, 2, 9
"/Users/alexgo/code/vs-boost/src/test/suite/create_notebook_command.test.ts", "TypeScript", 20, 0, 0, 0, 0, 0, 0, 0, 0, 0, 0, 0, 0, 0, 0, 0, 0, 0, 0, 0, 0, 0, 0, 5, 9, 34
"/Users/alexgo/code/vs-boost/src/test/suite/explain_command.test.ts", "TypeScript", 7, 0, 0, 0, 0, 0, 0, 0, 0, 0, 0, 0, 0, 0, 0, 0, 0, 0, 0, 0, 0, 0, 0, 0, 2, 9
"/Users/alexgo/code/vs-boost/src/test/suite/extension.test.ts", "TypeScript", 9, 0, 0, 0, 0, 0, 0, 0, 0, 0, 0, 0, 0, 0, 0, 0, 0, 0, 0, 0, 0, 0, 0, 5, 4, 18
"/Users/alexgo/code/vs-boost/src/test/suite/guidelines_command.test.ts", "TypeScript", 7, 0, 0, 0, 0, 0, 0, 0, 0, 0, 0, 0, 0, 0, 0, 0, 0, 0, 0, 0, 0, 0, 0, 0, 2, 9
"/Users/alexgo/code/vs-boost/src/test/suite/index.ts", "TypeScript", 9, 0, 0, 0, 0, 0, 0, 0, 0, 0, 0, 0, 0, 0, 0, 0, 0, 0, 0, 0, 0, 0, 0, 80, 2, 91
"/Users/alexgo/code/vs-boost/src/test/suite/loadCodeFile.test.ts", "TypeScript", 68, 0, 0, 0, 0, 0, 0, 0, 0, 0, 0, 0, 0, 0, 0, 0, 0, 0, 0, 0, 0, 0, 0, 17, 23, 108
"/Users/alexgo/code/vs-boost/src/test/suite/mocha.json", "JSON", 0, 6, 0, 0, 0, 0, 0, 0, 0, 0, 0, 0, 0, 0, 0, 0, 0, 0, 0, 0, 0, 0, 0, 0, 1, 7
"/Users/alexgo/code/vs-boost/src/test/suite/rightClick_LoadFolder_command.test.ts", "TypeScript", 7, 0, 0, 0, 0, 0, 0, 0, 0, 0, 0, 0, 0, 0, 0, 0, 0, 0, 0, 0, 0, 0, 0, 0, 2, 9
"/Users/alexgo/code/vs-boost/src/test/suite/rightClick_ProcessFile_command.test.ts", "TypeScript", 72, 0, 0, 0, 0, 0, 0, 0, 0, 0, 0, 0, 0, 0, 0, 0, 0, 0, 0, 0, 0, 0, 0, 2, 17, 91
"/Users/alexgo/code/vs-boost/src/test/suite/rightClick_ProcessFolder_command.test.ts", "TypeScript", 7, 0, 0, 0, 0, 0, 0, 0, 0, 0, 0, 0, 0, 0, 0, 0, 0, 0, 0, 0, 0, 0, 0, 0, 2, 9
"/Users/alexgo/code/vs-boost/src/test/suite/rightclick_LoadFile_command.test.ts", "TypeScript", 16, 0, 0, 0, 0, 0, 0, 0, 0, 0, 0, 0, 0, 0, 0, 0, 0, 0, 0, 0, 0, 0, 0, 0, 5, 21
"/Users/alexgo/code/vs-boost/src/test/suite/testCommandUtilities.ts", "TypeScript", 53, 0, 0, 0, 0, 0, 0, 0, 0, 0, 0, 0, 0, 0, 0, 0, 0, 0, 0, 0, 0, 0, 0, 9, 11, 73
"/Users/alexgo/code/vs-boost/src/test/suite/testgen_command.test.ts", "TypeScript", 6, 0, 0, 0, 0, 0, 0, 0, 0, 0, 0, 0, 0, 0, 0, 0, 0, 0, 0, 0, 0, 0, 0, 0, 3, 9
"/Users/alexgo/code/vs-boost/src/test/suite/utils.ts", "TypeScript", 37, 0, 0, 0, 0, 0, 0, 0, 0, 0, 0, 0, 0, 0, 0, 0, 0, 0, 0, 0, 0, 0, 0, 3, 8, 48
"/Users/alexgo/code/vs-boost/src/test/test_loop.sh", "Shell Script", 0, 0, 0, 0, 0, 0, 0, 0, 0, 0, 0, 0, 0, 0, 0, 0, 0, 0, 0, 11, 0, 0, 0, 1, 3, 15
"/Users/alexgo/code/vs-boost/src/test/tsconfig.json", "JSON with Comments", 0, 0, 7, 0, 0, 0, 0, 0, 0, 0, 0, 0, 0, 0, 0, 0, 0, 0, 0, 0, 0, 0, 0, 0, 1, 8
"/Users/alexgo/code/vs-boost/src/test/unit/data/dancer2_file.pm", "Perl", 0, 0, 0, 0, 0, 0, 0, 0, 0, 0, 0, 0, 0, 0, 0, 0, 108, 0, 0, 0, 0, 0, 0, 9, 50, 167
"/Users/alexgo/code/vs-boost/src/test/unit/data/danglingBracketFunctions.ts", "TypeScript", 4, 0, 0, 0, 0, 0, 0, 0, 0, 0, 0, 0, 0, 0, 0, 0, 0, 0, 0, 0, 0, 0, 0, 0, 3, 7
"/Users/alexgo/code/vs-boost/src/test/unit/data/normalFunctions.first.go", "Go", 0, 0, 0, 0, 0, 0, 5, 0, 0, 0, 0, 0, 0, 0, 0, 0, 0, 0, 0, 0, 0, 0, 0, 0, 3, 8
"/Users/alexgo/code/vs-boost/src/test/unit/data/normalFunctions.first.py", "Python", 0, 0, 0, 0, 0, 0, 0, 0, 0, 0, 0, 0, 0, 2, 0, 0, 0, 0, 0, 0, 0, 0, 0, 0, 2, 4
"/Users/alexgo/code/vs-boost/src/test/unit/data/normalFunctions.first.ts", "TypeScript", 3, 0, 0, 0, 0, 0, 0, 0, 0, 0, 0, 0, 0, 0, 0, 0, 0, 0, 0, 0, 0, 0, 0, 0, 2, 5
"/Users/alexgo/code/vs-boost/src/test/unit/data/normalFunctions.go", "Go", 0, 0, 0, 0, 0, 0, 8, 0, 0, 0, 0, 0, 0, 0, 0, 0, 0, 0, 0, 0, 0, 0, 0, 0, 4, 12
"/Users/alexgo/code/vs-boost/src/test/unit/data/normalFunctions.leadingWhitepace.py", "Python", 0, 0, 0, 0, 0, 0, 0, 0, 0, 0, 0, 0, 0, 4, 0, 0, 0, 0, 0, 0, 0, 0, 0, 0, 8, 12
"/Users/alexgo/code/vs-boost/src/test/unit/data/normalFunctions.noInbetweenSpace.py", "Python", 0, 0, 0, 0, 0, 0, 0, 0, 0, 0, 0, 0, 0, 4, 0, 0, 0, 0, 0, 0, 0, 0, 0, 0, 0, 4
"/Users/alexgo/code/vs-boost/src/test/unit/data/normalFunctions.py", "Python", 0, 0, 0, 0, 0, 0, 0, 0, 0, 0, 0, 0, 0, 4, 0, 0, 0, 0, 0, 0, 0, 0, 0, 0, 3, 7
"/Users/alexgo/code/vs-boost/src/test/unit/data/normalFunctions.second.go", "Go", 0, 0, 0, 0, 0, 0, 3, 0, 0, 0, 0, 0, 0, 0, 0, 0, 0, 0, 0, 0, 0, 0, 0, 0, 2, 5
"/Users/alexgo/code/vs-boost/src/test/unit/data/normalFunctions.second.py", "Python", 0, 0, 0, 0, 0, 0, 0, 0, 0, 0, 0, 0, 0, 2, 0, 0, 0, 0, 0, 0, 0, 0, 0, 0, 2, 4
"/Users/alexgo/code/vs-boost/src/test/unit/data/normalFunctions.second.ts", "TypeScript", 3, 0, 0, 0, 0, 0, 0, 0, 0, 0, 0, 0, 0, 0, 0, 0, 0, 0, 0, 0, 0, 0, 0, 0, 2, 5
"/Users/alexgo/code/vs-boost/src/test/unit/data/normalFunctions.ts", "TypeScript", 6, 0, 0, 0, 0, 0, 0, 0, 0, 0, 0, 0, 0, 0, 0, 0, 0, 0, 0, 0, 0, 0, 0, 0, 3, 9
"/Users/alexgo/code/vs-boost/src/test/unit/parse.go.test.ts", "TypeScript", 64, 0, 0, 0, 0, 0, 0, 0, 0, 0, 0, 0, 0, 0, 0, 0, 0, 0, 0, 0, 0, 0, 0, 1, 18, 83
"/Users/alexgo/code/vs-boost/src/test/unit/parseFunctionsFromFile.test.ts", "TypeScript", 35, 0, 0, 0, 0, 0, 0, 0, 0, 0, 0, 0, 0, 0, 0, 0, 0, 0, 0, 0, 0, 0, 0, 0, 7, 42
"/Users/alexgo/code/vs-boost/src/test/unit/splitCode.python.test.ts", "TypeScript", 112, 0, 0, 0, 0, 0, 0, 0, 0, 0, 0, 0, 0, 0, 0, 0, 0, 0, 0, 0, 0, 0, 0, 3, 31, 146
"/Users/alexgo/code/vs-boost/src/test/unit/splitCode.typescript.test.ts", "TypeScript", 93, 0, 0, 0, 0, 0, 0, 0, 0, 0, 0, 0, 0, 0, 0, 0, 0, 0, 0, 0, 0, 0, 0, 1, 24, 118
"/Users/alexgo/code/vs-boost/src/test/unit/workflow_engine.test.ts", "TypeScript", 430, 0, 0, 0, 0, 0, 0, 0, 0, 0, 0, 0, 0, 0, 0, 0, 0, 0, 0, 0, 0, 0, 0, 14, 59, 503
"/Users/alexgo/code/vs-boost/src/test/yourActualCommand.ts", "TypeScript", 25, 0, 0, 0, 0, 0, 0, 0, 0, 0, 0, 0, 0, 0, 0, 0, 0, 0, 0, 0, 0, 0, 0, 0, 6, 31
"/Users/alexgo/code/vs-boost/src/user/organization.ts", "TypeScript", 77, 0, 0, 0, 0, 0, 0, 0, 0, 0, 0, 0, 0, 0, 0, 0, 0, 0, 0, 0, 0, 0, 0, 12, 24, 113
"/Users/alexgo/code/vs-boost/src/utilities/authorization.ts", "TypeScript", 153, 0, 0, 0, 0, 0, 0, 0, 0, 0, 0, 0, 0, 0, 0, 0, 0, 0, 0, 0, 0, 0, 0, 28, 22, 203
"/Users/alexgo/code/vs-boost/src/utilities/boostLogging.ts", "TypeScript", 84, 0, 0, 0, 0, 0, 0, 0, 0, 0, 0, 0, 0, 0, 0, 0, 0, 0, 0, 0, 0, 0, 0, 2, 19, 105
"/Users/alexgo/code/vs-boost/src/utilities/boostOnly.ts", "TypeScript", 43, 0, 0, 0, 0, 0, 0, 0, 0, 0, 0, 0, 0, 0, 0, 0, 0, 0, 0, 0, 0, 0, 0, 46, 9, 98
"/Users/alexgo/code/vs-boost/src/utilities/convert_html.ts", "TypeScript", 199, 0, 0, 0, 0, 0, 0, 0, 0, 0, 0, 0, 0, 0, 0, 0, 0, 0, 0, 0, 0, 0, 0, 9, 25, 233
"/Users/alexgo/code/vs-boost/src/utilities/convert_markdown.ts", "TypeScript", 161, 0, 0, 0, 0, 0, 0, 0, 0, 0, 0, 0, 0, 0, 0, 0, 0, 0, 0, 0, 0, 0, 0, 6, 29, 196
"/Users/alexgo/code/vs-boost/src/utilities/convert_pdf.ts", "TypeScript", 70, 0, 0, 0, 0, 0, 0, 0, 0, 0, 0, 0, 0, 0, 0, 0, 0, 0, 0, 0, 0, 0, 0, 9, 15, 94
"/Users/alexgo/code/vs-boost/src/utilities/datetime.ts", "TypeScript", 15, 0, 0, 0, 0, 0, 0, 0, 0, 0, 0, 0, 0, 0, 0, 0, 0, 0, 0, 0, 0, 0, 0, 0, 3, 18
"/Users/alexgo/code/vs-boost/src/utilities/error.ts", "TypeScript", 90, 0, 0, 0, 0, 0, 0, 0, 0, 0, 0, 0, 0, 0, 0, 0, 0, 0, 0, 0, 0, 0, 0, 4, 5, 99
"/Users/alexgo/code/vs-boost/src/utilities/files.ts", "TypeScript", 273, 0, 0, 0, 0, 0, 0, 0, 0, 0, 0, 0, 0, 0, 0, 0, 0, 0, 0, 0, 0, 0, 0, 174, 46, 493
"/Users/alexgo/code/vs-boost/src/utilities/git.d.ts", "TypeScript", 290, 0, 0, 0, 0, 0, 0, 0, 0, 0, 0, 0, 0, 0, 0, 0, 0, 0, 0, 0, 0, 0, 0, 29, 61, 380
"/Users/alexgo/code/vs-boost/src/utilities/languageParsers.ts", "TypeScript", 439, 0, 0, 0, 0, 0, 0, 0, 0, 0, 0, 0, 0, 0, 0, 0, 0, 0, 0, 0, 0, 0, 0, 6, 53, 498
"/Users/alexgo/code/vs-boost/src/utilities/marked-highlights.d.ts", "TypeScript", 1, 0, 0, 0, 0, 0, 0, 0, 0, 0, 0, 0, 0, 0, 0, 0, 0, 0, 0, 0, 0, 0, 0, 0, 2, 3
"/Users/alexgo/code/vs-boost/src/utilities/serializer.ts", "TypeScript", 116, 0, 0, 0, 0, 0, 0, 0, 0, 0, 0, 0, 0, 0, 0, 0, 0, 0, 0, 0, 0, 0, 0, 16, 22, 154
"/Users/alexgo/code/vs-boost/src/utilities/sourceLoader.ts", "TypeScript", 115, 0, 0, 0, 0, 0, 0, 0, 0, 0, 0, 0, 0, 0, 0, 0, 0, 0, 0, 0, 0, 0, 0, 7, 15, 137
"/Users/alexgo/code/vs-boost/src/utilities/splitWithAggregation.ts", "TypeScript", 49, 0, 0, 0, 0, 0, 0, 0, 0, 0, 0, 0, 0, 0, 0, 0, 0, 0, 0, 0, 0, 0, 0, 0, 13, 62
"/Users/alexgo/code/vs-boost/src/utilities/workflow_engine.ts", "TypeScript", 240, 0, 0, 0, 0, 0, 0, 0, 0, 0, 0, 0, 0, 0, 0, 0, 0, 0, 0, 0, 0, 0, 0, 41, 62, 343
"/Users/alexgo/code/vs-boost/tsconfig.json", "JSON with Comments", 0, 0, 23, 0, 0, 0, 0, 0, 0, 0, 0, 0, 0, 0, 0, 0, 0, 0, 0, 0, 0, 0, 0, 0, 0, 23
"Total", "-", 16102, 7853, 52, 80, 80, 30, 73, 19, 69, 182, 1165, 3, 45, 48, 4, 59, 144, 2, 98, 32, 64197, 23, 73772, 2211, 46724, 213067